Workbook

Sheet Inputs
A1: Utilisation Scenario Range Inputs
A3: Input | B3: Value | C3: Unit | D3: Source / note
A4: Baseline RTT backlog | B4: 23086 | C4: pathways | D4: Total backlog from shared theatre opportunity model
A5: Job-plan cases included at 50% | B5: 2729 | C5: cases | D5: 50% of under-utilised job-plan case opportunity; used in current scenarios
A6: Full job-plan case opportunity | B6: =B5*2 | C6: cases | D6: 100% under-utilised job-plan opportunity
A7: Scenario 1 current extra cases | B7: 4700 | C7: cases | D7: 82% utilisation + 20% HVLC + 50% job-plan case assumption
A8: Scenario 1 current financial efficiency | B8: 957399.03 | C8: GBP | D8: Current model financial impact at Scenario 1
A9: Scenario 2 current extra cases | B9: 5539 | C9: cases | D9: 85% utilisation + 30% HVLC + 50% job-plan case assumption
A10: Scenario 2 current financial efficiency | B10: 1117353.4 | C10: GBP | D10: Current model financial impact at Scenario 2
A11: Income basis extra cases | B11: 5539 | C11: cases | D11: Uses current Scenario 2 extra-case volume as income-value basis
A12: Income value | B12: 577787 | C12: GBP | D12: Extra-case income value from shared table
A13: Income per case | B13: =B12/B11 | C13: GBP/case | D13: Formula: income value / income basis extra cases

Sheet Scenario Calculations
A1: Scenario Calculations - Low to High Job-Plan Ranges
A3: Scenario | B3: Variant | C3: Job-plan assumption | D3: Base current extra cases | E3: Job-plan adjustment | F3: Extra cases | G3: Financial per case | H3: Financial efficiency opportunity | I3: Baseline backlog | J3: Remaining backlog | K3: Waiting-list reduction % | L3: Income per case | M3: Income potential | N3: Calculation justification
A4: Scenario 1: 82% utilisation + 20% HVLC | B4: Low | C4: Job-plan removed | D4: =Inputs!B6 | E4: =-Inputs!B5 | F4: =D4+E4 | G4: =Inputs!B7/Inputs!B6 | H4: =F4*G4 | I4: =Inputs!B4 | J4: =I4-F4 | K4: =F4/I4 | L4: =Inputs!B13 | M4: =F4*L4 | N4: Extra cases = current scenario cases +/- 50% job-plan cases. Financial = extra cases x financial/current-case rate. Waiting-list % = extra cases / baseline backlog. Income = extra cases x income/case.
A5: Scenario 1: 82% utilisation + 20% HVLC | B5: Current | C5: 50% job-plan delivered | D5: =Inputs!B6 | E5: =0 | F5: =D5+E5 | G5: =Inputs!B7/Inputs!B6 | H5: =F5*G5 | I5: =Inputs!B4 | J5: =I5-F5 | K5: =F5/I5 | L5: =Inputs!B13 | M5: =F5*L5 | N5: Extra cases = current scenario cases +/- 50% job-plan cases. Financial = extra cases x financial/current-case rate. Waiting-list % = extra cases / baseline backlog. Income = extra cases x income/case.
A6: Scenario 1: 82% utilisation + 20% HVLC | B6: High | C6: All job-plan sessions delivered | D6: =Inputs!B6 | E6: =Inputs!B5 | F6: =D6+E6 | G6: =Inputs!B7/Inputs!B6 | H6: =F6*G6 | I6: =Inputs!B4 | J6: =I6-F6 | K6: =F6/I6 | L6: =Inputs!B13 | M6: =F6*L6 | N6: Extra cases = current scenario cases +/- 50% job-plan cases. Financial = extra cases x financial/current-case rate. Waiting-list % = extra cases / baseline backlog. Income = extra cases x income/case.
A7: Scenario 2: 85% utilisation + 30% HVLC | B7: Low | C7: Job-plan removed | D7: =Inputs!B8 | E7: =-Inputs!B5 | F7: =D7+E7 | G7: =Inputs!B9/Inputs!B8 | H7: =F7*G7 | I7: =Inputs!B4 | J7: =I7-F7 | K7: =F7/I7 | L7: =Inputs!B13 | M7: =F7*L7 | N7: Extra cases = current scenario cases +/- 50% job-plan cases. Financial = extra cases x financial/current-case rate. Waiting-list % = extra cases / baseline backlog. Income = extra cases x income/case.
A8: Scenario 2: 85% utilisation + 30% HVLC | B8: Current | C8: 50% job-plan delivered | D8: =Inputs!B8 | E8: =0 | F8: =D8+E8 | G8: =Inputs!B9/Inputs!B8 | H8: =F8*G8 | I8: =Inputs!B4 | J8: =I8-F8 | K8: =F8/I8 | L8: =Inputs!B13 | M8: =F8*L8 | N8: Extra cases = current scenario cases +/- 50% job-plan cases. Financial = extra cases x financial/current-case rate. Waiting-list % = extra cases / baseline backlog. Income = extra cases x income/case.
A9: Scenario 2: 85% utilisation + 30% HVLC | B9: High | C9: All job-plan sessions delivered | D9: =Inputs!B8 | E9: =Inputs!B5 | F9: =D9+E9 | G9: =Inputs!B9/Inputs!B8 | H9: =F9*G9 | I9: =Inputs!B4 | J9: =I9-F9 | K9: =F9/I9 | L9: =Inputs!B13 | M9: =F9*L9 | N9: Extra cases = current scenario cases +/- 50% job-plan cases. Financial = extra cases x financial/current-case rate. Waiting-list % = extra cases / baseline backlog. Income = extra cases x income/case.

Sheet Summary Table
A1: Table-Ready Scenario Ranges
A2: Green cells are live formulas linked to Scenario Calculations.
A4: Scenario | B4: Low to High Case Range | C4: Financial Efficiency Opportunity Range | D4: Waiting List Impact | E4: Income Potential | F4: Scenario Notes
A5: Scenario 1: 82% utilisation + 20% HVLC | B5: ="Low "&TEXT('Scenario Calculations'!F4,"#,##0")&" cases; current "&TEXT('Scenario Calculations'!F5,"#,##0")&"; high "&TEXT('Scenario Calculations'!F6,"#,##0") | C5: =TEXT('Scenario Calculations'!H4,"£#,##0")&" - "&TEXT('Scenario Calculations'!H6,"£#,##0") | D5: ="Reduces backlog from "&TEXT('Scenario Calculations'!I4,"#,##0")&" to "&TEXT('Scenario Calculations'!J6,"#,##0")&"-"&TEXT('Scenario Calculations'!J4,"#,##0")&"; reduction "&TEXT('Scenario Calculations'!K4,"0.0%")&"-"&TEXT('Scenario Calculations'!K6,"0.0%") | E5: =TEXT('Scenario Calculations'!M4,"£#,##0")&" - "&TEXT('Scenario Calculations'!M6,"£#,##0") | F5: Low removes the 50% job-plan assumption; current includes 50%; high assumes all under-utilised job-plan sessions are delivered.
A6: Scenario 2: 85% utilisation + 30% HVLC | B6: ="Low "&TEXT('Scenario Calculations'!F7,"#,##0")&" cases; current "&TEXT('Scenario Calculations'!F8,"#,##0")&"; high "&TEXT('Scenario Calculations'!F9,"#,##0") | C6: =TEXT('Scenario Calculations'!H7,"£#,##0")&" - "&TEXT('Scenario Calculations'!H9,"£#,##0") | D6: ="Reduces backlog from "&TEXT('Scenario Calculations'!I7,"#,##0")&" to "&TEXT('Scenario Calculations'!J9,"#,##0")&"-"&TEXT('Scenario Calculations'!J7,"#,##0")&"; reduction "&TEXT('Scenario Calculations'!K7,"0.0%")&"-"&TEXT('Scenario Calculations'!K9,"0.0%") | E6: =TEXT('Scenario Calculations'!M7,"£#,##0")&" - "&TEXT('Scenario Calculations'!M9,"£#,##0") | F6: Low removes the 50% job-plan assumption; current includes 50%; high assumes all under-utilised job-plan sessions are delivered.

Sheet Formula Trace
A1: Formula Trace
A3: Metric | B3: Formula | C3: Explanation
A4: Low extra cases | B4: =Current scenario extra cases - 50% job-plan cases | C4: Removes the job-plan delivery assumption from the current scenario.
A5: Current extra cases | B5: =Current scenario extra cases | C5: Uses the case number already in the current model.
A6: High extra cases | B6: =Current scenario extra cases + 50% job-plan cases | C6: Adds the remaining 50% so all under-utilised job-plan sessions are delivered.
A7: Financial efficiency opportunity | B7: =Extra cases x (current scenario financial impact / current scenario extra cases) | C7: Scales the modelled WLI reduction opportunity by case volume.
A8: Remaining backlog | B8: =Baseline RTT backlog - extra cases | C8: Assumes each additional case removes one waiting-list pathway.
A9: Waiting-list reduction % | B9: =Extra cases / baseline RTT backlog | C9: Shows the proportion of the opening backlog addressed.
A10: Income potential | B10: =Extra cases x (income value / income basis extra cases) | C10: Uses the shared table income value as the income-per-case basis.
A11: Caveat | B11: Finance should confirm | C11: Financial efficiency is a WLI/cost-avoidance proxy; income potential is a separate gross income lens and should not be added without Finance confirmation.
