Workbook

Sheet Inputs
A1: Simple Opportunity Inputs
A2: Only change the yellow input cells. All workings use simple formulas.
A4: Input | B4: Value | C4: Note
A5: Backlog baseline | B5: 23086 | C5: Surgical RTT backlog baseline used for waiting-list percentage calculations
A6: Current day case rate | B6: 0.679 | C6: Baseline rate
A7: Day case target low | B7: 0.785 | C7: Low what-if target
A8: Day case target high | B8: 0.857 | C8: High what-if target
A9: Day case financial value per shifted case | B9: 350 | C9: Financial efficiency value used for day case shifted cases
A10: Income per additional case assumption | B10: 500 | C10: Used only where released capacity is assumed to deliver additional funded activity
A11: Current estate utilisation | B11: 0.78 | C11: Current estate utilisation baseline
A12: Estate target low | B12: 0.85 | C12: Low what-if target
A13: Estate target high | B13: 0.95 | C13: High what-if target
A14: Estate baseline elective sessions | B14: 3361 | C14: Baseline elective sessions
A15: Estate baseline elective cases | B15: 7856 | C15: Baseline completed elective cases
A16: Estate financial value per additional session | B16: 500 | C16: Financial efficiency/session value
... A21: 50% job-plan case component | B21: 2729 | C21: Optional sensitivity: remove/add this to model no-job-plan or all-job-plan

Sheet Summary
A1: Simple Financial and Backlog Summary
A2: Linked to the workings tabs. Values recalculate when inputs change.
A4: Initiative | B4: Baseline | C4: Low what-if | D4: High what-if | E4: Financial efficiency low | F4: Financial efficiency high | G4: Waiting list impact low | H4: Waiting list impact high | I4: Waiting list reduction low | J4: Waiting list reduction high | K4: Income potential low | L4: Income potential high | M4: Calculation note
A5: Day case rate improvement | B5: 67.9% day case rate; backlog 23,086 | C5: Move to 78.5% | D5: Move to 85.7% | E5: ='Day Case Rate'!B11 | F5: ='Day Case Rate'!C11 | G5: ='Day Case Rate'!B9 | H5: ='Day Case Rate'!C9 | I5: ='Day Case Rate'!B10 | J5: ='Day Case Rate'!C10 | K5: ='Day Case Rate'!B12 | L5: ='Day Case Rate'!C12 | M5: Cases = backlog x rate improvement. Efficiency = cases x £350. Income is shown only if released capacity is used for additional funded cases.
A6: Estate utilisation | B6: 78% estate utilisation; 3,361 sessions; 7,856 cases | C6: Move to 85% | D6: Move to 95% | E6: ='Estate Utilisation'!B11 | F6: ='Estate Utilisation'!C11 | G6: ='Estate Utilisation'!B12 | H6: ='Estate Utilisation'!C12 | I6: ='Estate Utilisation'!B13 | J6: ='Estate Utilisation'!C13 | K6: ='Estate Utilisation'!B14 | L6: ='Estate Utilisation'!C14 | M6: Extra sessions = sessions x ((target/current)-1). Efficiency = sessions x £500. Income = extra cases x £500.
A7: Theatre capacity/utilisation current range | B7: Shared current model range | C7: 82% utilisation + 20% HVLC | D7: 85% utilisation + 30% HVLC | E7: ='Theatre Capacity'!B7 | F7: ='Theatre Capacity'!C7 | G7: ='Theatre Capacity'!B6 | H7: ='Theatre Capacity'!C6 | I7: ='Theatre Capacity'!B8 | J7: ='Theatre Capacity'!C8 | K7: ='Theatre Capacity'!B9 | L7: ='Theatre Capacity'!C9 | M7: Financial values are source values from the shared table. Waiting-list % = cases / backlog.

Sheet Day Case Rate
A1: Day Case Rate Workings
A2: Additional cases = backlog x (target rate - current rate).
A4: Step | B4: Low target | C4: High target | D4: Simple formula / note
A5: Backlog baseline | B5: =Inputs!B5 | C5: =Inputs!B5 | D5: Input backlog baseline
A6: Current day case rate | B6: =Inputs!B6 | C6: =Inputs!B6 | D6: Baseline rate
A7: Target day case rate | B7: =Inputs!B7 | C7: =Inputs!B8 | D7: Low and high target rates
A8: Rate improvement | B8: =B7-B6 | C8: =C7-C6 | D8: Target rate - current rate
A9: Additional shifted cases | B9: =B5*B8 | C9: =C5*C8 | D9: Backlog x rate improvement
A10: Waiting list reduction % | B10: =B9/B5 | C10: =C9/C5 | D10: Additional cases / backlog
A11: Financial efficiency opportunity | B11: =B9*Inputs!B9 | C11: =C9*Inputs!B9 | D11: Additional cases x £350
A12: Income potential if capacity reused | B12: =B9*Inputs!B10 | C12: =C9*Inputs!B10 | D12: Additional cases x £500. Do not add to efficiency unless Finance agrees capacity creates funded extra activity.
A13: Closing backlog | B13: =B5-B9 | C13: =C5-C9 | D13: Backlog - additional cases

Sheet Estate Utilisation
A1: Estate Utilisation Workings
A2: Additional sessions = baseline sessions x ((target utilisation / current utilisation) - 1).
A4: Step | B4: Low target | C4: High target | D4: Simple formula / note
A5: Current estate utilisation | B5: =Inputs!B11 | C5: =Inputs!B11 | D5: Input current utilisation
A6: Target estate utilisation | B6: =Inputs!B12 | C6: =Inputs!B13 | D6: Low and high targets
A7: Baseline elective sessions | B7: =Inputs!B14 | C7: =Inputs!B14 | D7: Input baseline sessions
A8: Baseline elective cases | B8: =Inputs!B15 | C8: =Inputs!B15 | D8: Input baseline cases
A9: Average cases per list | B9: =B8/B7 | C9: =C8/C7 | D9: Baseline cases / baseline sessions
A10: Additional sessions | B10: =B7*((B6/B5)-1) | C10: =C7*((C6/C5)-1) | D10: Sessions x ((target/current)-1)
A11: Financial efficiency opportunity | B11: =B10*Inputs!B16 | C11: =C10*Inputs!B16 | D11: Additional sessions x £500
A12: Waiting list impact cases | B12: =B10*B9 | C12: =C10*C9 | D12: Additional sessions x average cases per list
A13: Waiting list reduction % | B13: =B12/Inputs!B5 | C13: =C12/Inputs!B5 | D13: Waiting list impact / backlog
A14: Income potential | B14: =B12*Inputs!B10 | C14: =C12*Inputs!B10 | D14: Waiting list impact cases x £500
A15: Closing backlog | B15: =Inputs!B5-B12 | C15: =Inputs!B5-C12 | D15: Backlog - waiting list impact

Sheet Theatre Capacity
A1: Theatre Capacity Workings
A2: Current theatre capacity range and optional job-plan sensitivity.
A4: Step | B4: Low target | C4: High target | D4: Simple formula / note
A5: Backlog baseline | B5: =Inputs!B5 | C5: =Inputs!B5 | D5: Input backlog baseline
A6: Extra cases | B6: =Inputs!B17 | C6: =Inputs!B18 | D6: Low 4,700; high 5,539 from shared scenario table
A7: Financial efficiency opportunity | B7: =Inputs!B19 | C7: =Inputs!B20 | D7: Source financial values from shared scenario table
A8: Waiting list reduction % | B8: =B6/B5 | C8: =C6/C5 | D8: Extra cases / backlog
A9: Income potential | B9: =B6*Inputs!B10 | C9: =C6*Inputs!B10 | D9: Extra cases x £500 income assumption
A10: Closing backlog | B10: =B5-B6 | C10: =C5-C6 | D10: Backlog - extra cases
A13: Scenario | B13: Variant | C13: Extra cases | D13: Financial efficiency | E13: Waiting list reduction % | F13: Income potential | G13: Formula / note
A14: 82% utilisation + 20% HVLC | B14: No job-plan cases | C14: =Inputs!B17-Inputs!B21 | D14: =C14*(Inputs!B19/Inputs!B17) | E14: =C14/Inputs!B5 | F14: =C14*Inputs!B10 | G14: Remove the 50% job-plan case component
A15: 82% utilisation + 20% HVLC | B15: Current: 50% job-plan delivered | C15: =Inputs!B17 | D15: =Inputs!B19 | E15: =C15/Inputs!B5 | F15: =C15*Inputs!B10 | G15: Use current shared scenario
A16: 82% utilisation + 20% HVLC | B16: All job-plan cases | C16: =Inputs!B17+Inputs!B21 | D16: =C16*(Inputs!B19/Inputs!B17) | E16: =C16/Inputs!B5 | F16: =C16*Inputs!B10 | G16: Add the remaining 50% job-plan component
A17: 85% utilisation + 30% HVLC | B17: No job-plan cases | C17: =Inputs!B18-Inputs!B21 | D17: =C17*(Inputs!B20/Inputs!B18) | E17: =C17/Inputs!B5 | F17: =C17*Inputs!B10 | G17: Remove the 50% job-plan case component
A18: 85% utilisation + 30% HVLC | B18: Current: 50% job-plan delivered | C18: =Inputs!B18 | D18: =Inputs!B20 | E18: =C18/Inputs!B5 | F18: =C18*Inputs!B10 | G18: Use current shared scenario
A19: 85% utilisation + 30% HVLC | B19: All job-plan cases | C19: =Inputs!B18+Inputs!B21 | D19: =C19*(Inputs!B20/Inputs!B18) | E19: =C19/Inputs!B5 | F19: =C19*Inputs!B10 | G19: Add the remaining 50% job-plan component

Sheet Notes
A1: Validation Notes
A2: Plain-English definitions for the workbook.
A4: Topic | B4: Definition / caveat
A5: Backlog baseline | B5: 23,086 is the surgical RTT incomplete cohort used as the common denominator for waiting-list percentage reduction.
A6: Financial efficiency | B6: An avoided-cost or productivity-value lens. It should not automatically be added to income potential.
A7: Income potential | B7: Shown only where additional funded activity is assumed. If capacity is not reused for additional funded cases, leave income potential out to avoid double-counting.
A8: Day case rate | B8: No bed-day multiplier is used. Financial efficiency is simply additional shifted cases x £350.
A9: Estate utilisation | B9: Financial efficiency uses additional sessions x £500. Income potential uses additional cases x £500.
A10: Theatre capacity | B10: The current-range financial values are source values from the shared scenario table, not recalculated from staff-cost files.
