Workbook

Sheet Inputs
A1: Theatre Productivity Completeness Inputs
A2: Yellow cells are editable assumptions. Formulas are kept simple for validation.
A4: Input | B4: Value | C4: Note
A5: Backlog baseline | B5: 23086 | C5: Surgical RTT incomplete cohort used for waiting-list reduction percentages
A6: Income per additional case assumption | B6: 500 | C6: Used for income potential only
A7: Utilisation scenario low extra cases | B7: 4700 | C7: Source: 82% utilisation + 20% HVLC + 50% job-plan component
A8: Utilisation scenario high extra cases | B8: 5539 | C8: Source: 85% utilisation + 30% HVLC + 50% job-plan component
A9: Utilisation scenario low financial efficiency | B9: 957399.03 | C9: Source value from shared table
A10: Utilisation scenario high financial efficiency | B10: 1117353.4 | C10: Source value from shared table
A11: 50% job-plan case component | B11: 2729 | C11: Used to show no-job-plan and all-job-plan sensitivities
A12: HVLC additional cases low | B12: 300 | C12: Dedicated HVLC lists lower estimate
A13: HVLC additional cases high | B13: 500 | C13: Dedicated HVLC lists higher estimate
A14: HVLC gross benefit at high case | B14: 220000 | C14: Gross benefit at 500 cases from opportunity model
A15: HVLC investment / setup cost | B15: 0 | C15: Not used in the simplified calculation. HVLC uses gross financial opportunity only.

Sheet Summary
A1: Theatre Productivity Completeness Summary
A2: Linked to simple workings tabs.
A4: Initiative | B4: Baseline / scope | C4: Low what-if | D4: High what-if | E4: Financial efficiency low | F4: Financial efficiency high | G4: Waiting list impact low | H4: Waiting list impact high | I4: Waiting list reduction low | J4: Waiting list reduction high | K4: Income potential low | L4: Income potential high | M4: Simple calculation note
A5: Increase utilisation - current scenario range | B5: Shared scenario values with 50% job-plan component included | C5: 82% utilisation + 20% HVLC | D5: 85% utilisation + 30% HVLC | E5: ='Utilisation Job Plan'!B8 -> 203.70192 | F5: ='Utilisation Job Plan'!C8 -> 201.72476 | G5: ='Utilisation Job Plan'!B6 -> 4700 | H5: ='Utilisation Job Plan'!C6 -> 5539 | I5: ='Utilisation Job Plan'!B9 -> 0.20358659 | J5: ='Utilisation Job Plan'!C9 -> 0.23992896 | K5: ='Utilisation Job Plan'!B10 -> 2350000 | L5: ='Utilisation Job Plan'!C10 -> 2769500 | M5: Financial values are source values from the shared scenario table. Waiting-list % = cases / backlog.
A6: Utilisation - no job-plan sensitivity | B6: Removes the 50% job-plan case component | C6: 82% scenario less job-plan component | D6: 85% scenario less job-plan component | E6: ='Utilisation Job Plan'!D18 -> 1117353.4 | F6: ='Utilisation Job Plan'!D21 -> 0 | G6: ='Utilisation Job Plan'!C18 -> 5539 | H6: ='Utilisation Job Plan'!C21 -> 0 | I6: ='Utilisation Job Plan'!E18 -> 0.23992896 | J6: ='Utilisation Job Plan'!E21 -> 0 | K6: ='Utilisation Job Plan'!F18 -> 2769500 | L6: ='Utilisation Job Plan'!F21 -> 0 | M6: Extra cases = current scenario cases - 2,729. Finance is scaled by source financial value per case.
A7: Utilisation - all job-plan sensitivity | B7: Adds the remaining 50% job-plan case component | C7: 82% scenario plus job-plan component | D7: 85% scenario plus job-plan component | E7: ='Utilisation Job Plan'!D20 -> 0 | F7: ='Utilisation Job Plan'!D23 -> 0 | G7: ='Utilisation Job Plan'!C20 -> 0 | H7: ='Utilisation Job Plan'!C23 -> 0 | I7: ='Utilisation Job Plan'!E20 -> 0 | J7: ='Utilisation Job Plan'!E23 -> 0 | K7: ='Utilisation Job Plan'!F20 -> 0 | L7: ='Utilisation Job Plan'!F23 -> 0 | M7: Extra cases = current scenario cases + 2,729. Finance is scaled by source financial value per case.
A8: HVLC dedicated lists | B8: Dedicated HVLC lists across priority specialties | C8: 300 additional cases | D8: 500 additional cases | E8: =HVLC!B10 -> 132000 | F8: =HVLC!C10 -> 220000 | G8: =HVLC!B6 -> 300 | H8: =HVLC!C6 -> 500 | I8: =HVLC!B7 -> 0.012994889 | J8: =HVLC!C7 -> 0.021658148 | K8: =HVLC!B11 -> 150000 | L8: =HVLC!C11 -> 250000 | M8: Financial efficiency = additional HVLC cases x £440 per case. No setup/investment deduction used.

Sheet Utilisation Job Plan
A1: Utilisation and Job-Plan Workings
A2: Current range plus no-job-plan and all-job-plan sensitivities.
A4: Step | B4: Low scenario | C4: High scenario | D4: Simple formula / source
A5: Backlog baseline | B5: =Inputs!B5 -> 23086 | C5: =Inputs!B5 -> 23086 | D5: Input backlog
A6: Extra cases - current scenario | B6: =Inputs!B7 -> 4700 | C6: =Inputs!B8 -> 5539 | D6: Source scenario extra cases
A7: Financial efficiency - current scenario | B7: =Inputs!B9 -> 957399.03 | C7: =Inputs!B10 -> 1117353.4 | D7: Source financial efficiency values
A8: Financial value per case | B8: =B7/B6 -> 203.70192 | C8: =C7/C6 -> 201.72476 | D8: Financial efficiency / extra cases
A9: Waiting list reduction % | B9: =B6/B5 -> 0.20358659 | C9: =C6/C5 -> 0.23992896 | D9: Extra cases / backlog
A10: Income potential | B10: =B6*Inputs!B6 -> 2350000 | C10: =C6*Inputs!B6 -> 2769500 | D10: Extra cases x income per case assumption
A13: Scenario | B13: Variant | C13: Extra cases | D13: Financial efficiency | E13: Waiting list reduction % | F13: Income potential | G13: Formula / note
A14: 82% utilisation + 20% HVLC | B14: No job-plan cases | C14: =Inputs!B7-Inputs!B11 -> 1971 | D14: =C14*(Inputs!B9/Inputs!B7) -> 401496.49 | E14: =C14/Inputs!B5 -> 0.085376419 | F14: =C14*Inputs!B6 -> 985500 | G14: Current low scenario less 2,729 job-plan cases
A15: 82% utilisation + 20% HVLC | B15: Current 50% job-plan | C15: =Inputs!B7 -> 4700 | D15: =Inputs!B9 -> 957399.03 | E15: =C15/Inputs!B5 -> 0.20358659 | F15: =C15*Inputs!B6 -> 2350000 | G15: Source current low scenario
A16: 82% utilisation + 20% HVLC | B16: All job-plan cases | C16: =Inputs!B7+Inputs!B11 -> 7429 | D16: =C16*(Inputs!B9/Inputs!B7) -> 1513301.6 | E16: =C16/Inputs!B5 -> 0.32179676 | F16: =C16*Inputs!B6 -> 3714500 | G16: Current low scenario plus 2,729 job-plan cases
A17: 85% utilisation + 30% HVLC | B17: No job-plan cases | C17: =Inputs!B8-Inputs!B11 -> 2810 | D17: =C17*(Inputs!B10/Inputs!B8) -> 566846.58 | E17: =C17/Inputs!B5 -> 0.12171879 | F17: =C17*Inputs!B6 -> 1405000 | G17: Current high scenario less 2,729 job-plan cases
A18: 85% utilisation + 30% HVLC | B18: Current 50% job-plan | C18: =Inputs!B8 -> 5539 | D18: =Inputs!B10 -> 1117353.4 | E18: =C18/Inputs!B5 -> 0.23992896 | F18: =C18*Inputs!B6 -> 2769500 | G18: Source current high scenario
A19: 85% utilisation + 30% HVLC | B19: All job-plan cases | C19: =Inputs!B8+Inputs!B11 -> 8268 | D19: =C19*(Inputs!B10/Inputs!B8) -> 1667860.3 | E19: =C19/Inputs!B5 -> 0.35813913 | F19: =C19*Inputs!B6 -> 4134000 | G19: Current high scenario plus 2,729 job-plan cases

Sheet HVLC
A1: HVLC Workings
A2: Dedicated high-volume low-complexity lists.
A4: Step | B4: Low scenario | C4: High scenario | D4: Simple formula / source
A5: Backlog baseline | B5: =Inputs!B5 -> 23086 | C5: =Inputs!B5 -> 23086 | D5: Input backlog
A6: Additional cases | B6: =Inputs!B12 -> 300 | C6: =Inputs!B13 -> 500 | D6: 300-500 additional cases
A7: Waiting list reduction % | B7: =B6/B5 -> 0.012994889 | C7: =C6/C5 -> 0.021658148 | D7: Additional cases / backlog
A8: Gross benefit per case | B8: =Inputs!B14/Inputs!B13 -> 440 | C8: =Inputs!B14/Inputs!B13 -> 440 | D8: £220k / 500 cases
A9: Gross financial benefit | B9: =B6*B8 -> 132000 | C9: =C6*C8 -> 220000 | D9: Additional cases x gross benefit per case
A10: Financial efficiency opportunity | B10: =B9 -> 132000 | C10: =C9 -> 220000 | D10: Use gross financial benefit only; no investment/setup-cost deduction.
A11: Income potential | B11: =B6*Inputs!B6 -> 150000 | C11: =C6*Inputs!B6 -> 250000 | D11: Additional cases x income per case assumption
A12: Closing backlog | B12: =B5-B6 -> 22786 | C12: =C5-C6 -> 22586 | D12: Backlog - additional cases

Sheet Initiative Map
A1: Initiative Map
A2: Shows what is quantified separately and what is a supporting driver.
A4: Initiative / driver | B4: Treatment in workbook | C4: Reason
A5: Utilisation & scheduling | B5: Quantified | C5: Uses shared scenario extra cases and financial values.
A6: Job-plan delivery sensitivity | B6: Quantified | C6: Uses the 2,729 case 50% job-plan component to show no-job-plan and all-job-plan versions.
A7: HVLC dedicated lists | B7: Quantified separately | C7: Uses 300-500 additional cases and £220k gross benefit at 500 cases.
A8: Late starts / Golden Patient | B8: Supporting driver only | C8: A route to utilisation improvement; not separately monetised to avoid double counting.
A9: Booking rules & case durations | B9: Supporting driver only | C9: A route to utilisation/HVLC throughput; not separately monetised to avoid double counting.
A10: Patient readiness & cancellations | B10: Supporting driver only | C10: A route to utilisation improvement; can be monetised separately only with agreed cancellation baseline and case impact.

Sheet Notes
A1: Notes
A2: Simple definitions and caveats.
A4: Topic | B4: Note
A5: Backlog denominator | B5: Waiting-list reduction percentages use the 23,086 surgical RTT incomplete backlog baseline.
A6: Financial efficiency | B6: For utilisation, financial values are source values from the shared table. For HVLC, financial efficiency is additional cases x £440 per case.
A7: Income potential | B7: Calculated as additional cases x £500. This is a separate gross income lens and should not be added to financial efficiency unless Finance confirms it is additional funded activity.
A8: Double counting caution | B8: The utilisation scenario already includes an HVLC improvement assumption. Do not add the separate HVLC row to the utilisation row unless the scenarios have been de-duplicated.
A9: Supporting drivers | B9: Late starts, booking rules, and cancellation/readiness actions support utilisation delivery and are shown in the initiative map rather than separately valued.
