Workbook

Sheet Inputs
A1: Theatre Productivity Completeness Inputs
A2: Yellow cells are editable assumptions. Formulas are kept simple for validation.
A4: Input | B4: Value | C4: Note
A5: Backlog baseline | B5: 23086 | C5: Surgical RTT incomplete cohort used for waiting-list reduction percentages
A6: Income per additional case assumption | B6: 2000 | C6: Used for income potential across theatre opportunity calculations
A7: Utilisation scenario low extra cases | B7: 4700 | C7: Source: 82% utilisation + 20% HVLC + 50% job-plan component
A8: Utilisation scenario high extra cases | B8: 5539 | C8: Source: 85% utilisation + 30% HVLC + 50% job-plan component
A9: Utilisation scenario low financial efficiency | B9: 957399.03 | C9: Source value from shared table
A10: Utilisation scenario high financial efficiency | B10: 1117353.4 | C10: Source value from shared table
A11: 50% job-plan case component | B11: 2729 | C11: Used to show no-job-plan and all-job-plan sensitivities
A12: HVLC additional cases low | B12: 300 | C12: Dedicated HVLC lists lower estimate
A13: HVLC additional cases high | B13: 500 | C13: Dedicated HVLC lists higher estimate
A14: HVLC gross benefit at high case | B14: 220000 | C14: Gross benefit at 500 cases from opportunity model
A15: HVLC setup cost removed | B15: 0 | C15: No setup/investment cost deducted; HVLC shown as gross opportunity only
A16: Current day case rate | B16: 0.679 | C16: Baseline day case rate from Model Hospital BADS All metric
... A26: HVLC income per additional case assumption | B26: 2000 | C26: Same £2,000 income assumption used for HVLC income potential

Sheet Summary
A1: Theatre Productivity Completeness Summary
A2: Linked to simple workings tabs.
A4: Initiative | B4: Baseline / scope | C4: Low what-if | D4: High what-if | E4: Financial efficiency low | F4: Financial efficiency high | G4: Waiting list impact low | H4: Waiting list impact high | I4: Waiting list reduction low | J4: Waiting list reduction high | K4: Income potential low | L4: Income potential high | M4: Simple calculation note
A5: Increase utilisation - current scenario range | B5: Shared scenario values with 50% job-plan component included | C5: 82% utilisation + 20% HVLC | D5: 85% utilisation + 30% HVLC | E5: ='Utilisation Job Plan'!B8 | F5: ='Utilisation Job Plan'!C8 | G5: ='Utilisation Job Plan'!B6 | H5: ='Utilisation Job Plan'!C6 | I5: ='Utilisation Job Plan'!B9 | J5: ='Utilisation Job Plan'!C9 | K5: ='Utilisation Job Plan'!B10 | L5: ='Utilisation Job Plan'!C10 | M5: Financial values are source values from the shared scenario table. Waiting-list % = cases / backlog. Income potential = extra cases x £2,000.
A6: Utilisation - no job-plan sensitivity | B6: Removes the 50% job-plan case component | C6: 82% scenario less job-plan component | D6: 85% scenario less job-plan component | E6: ='Utilisation Job Plan'!D18 | F6: ='Utilisation Job Plan'!D21 | G6: ='Utilisation Job Plan'!C18 | H6: ='Utilisation Job Plan'!C21 | I6: ='Utilisation Job Plan'!E18 | J6: ='Utilisation Job Plan'!E21 | K6: ='Utilisation Job Plan'!F18 | L6: ='Utilisation Job Plan'!F21 | M6: Extra cases = current scenario cases - 2,729. Finance is scaled by source financial value per case. Income potential = extra cases x £2,000.
A7: Utilisation - all job-plan sensitivity | B7: Adds the remaining 50% job-plan case component | C7: 82% scenario plus job-plan component | D7: 85% scenario plus job-plan component | E7: ='Utilisation Job Plan'!D20 | F7: ='Utilisation Job Plan'!D23 | G7: ='Utilisation Job Plan'!C20 | H7: ='Utilisation Job Plan'!C23 | I7: ='Utilisation Job Plan'!E20 | J7: ='Utilisation Job Plan'!E23 | K7: ='Utilisation Job Plan'!F20 | L7: ='Utilisation Job Plan'!F23 | M7: Extra cases = current scenario cases + 2,729. Finance is scaled by source financial value per case. Income potential = extra cases x £2,000.
A8: HVLC dedicated lists | B8: Dedicated HVLC lists across priority specialties | C8: 300 additional cases | D8: 500 additional cases | E8: =HVLC!B10 | F8: =HVLC!C10 | G8: =HVLC!B6 | H8: =HVLC!C6 | I8: =HVLC!B7 | J8: =HVLC!C7 | K8: =HVLC!B11 | L8: =HVLC!C11 | M8: Gross benefit per case = GBP220k / 500. Income potential = additional HVLC cases x £2,000. No setup/investment cost deducted.
A9: Day case rate improvement | B9: 67.9% day case rate; backlog 23,086 | C9: Move to 78.5% | D9: Move to 85.7% | E9: ='Day Case Rate'!B11 | F9: ='Day Case Rate'!C11 | G9: ='Day Case Rate'!B9 | H9: ='Day Case Rate'!C9 | I9: ='Day Case Rate'!B10 | J9: ='Day Case Rate'!C10 | K9: ='Day Case Rate'!B12 | L9: ='Day Case Rate'!C12 | M9: Cases = backlog x rate improvement. Efficiency = cases x GBP350. Income potential = shifted cases x £2,000 if released capacity is used for additional funded cases.
A10: Theatre estate capacity | B10: 78% estate utilisation; 3,361 sessions; 7,856 cases | C10: Move to 85% | D10: Move to 95% | E10: ='Estate Utilisation'!B11 | F10: ='Estate Utilisation'!C11 | G10: ='Estate Utilisation'!B12 | H10: ='Estate Utilisation'!C12 | I10: ='Estate Utilisation'!B13 | J10: ='Estate Utilisation'!C13 | K10: ='Estate Utilisation'!B14 | L10: ='Estate Utilisation'!C14 | M10: Extra sessions = sessions x ((target/current)-1). Efficiency = sessions x GBP500. Income potential = extra cases x £2,000.

Sheet Utilisation Job Plan
A1: Utilisation and Job-Plan Workings
A2: Current range plus no-job-plan and all-job-plan sensitivities.
A4: Step | B4: Low scenario | C4: High scenario | D4: Simple formula / source
A5: Backlog baseline | B5: =Inputs!B5 | C5: =Inputs!B5 | D5: Input backlog
A6: Extra cases - current scenario | B6: =Inputs!B7 | C6: =Inputs!B8 | D6: Source scenario extra cases
A7: Financial efficiency - current scenario | B7: =Inputs!B9 | C7: =Inputs!B10 | D7: Source financial efficiency values
A8: Financial value per case | B8: =B7/B6 | C8: =C7/C6 | D8: Financial efficiency / extra cases
A9: Waiting list reduction % | B9: =B6/B5 | C9: =C6/C5 | D9: Extra cases / backlog
A10: Income potential | B10: =B6*Inputs!B6 | C10: =C6*Inputs!B6 | D10: Extra cases x £2,000 income per additional case assumption
A13: Scenario | B13: Variant | C13: Extra cases | D13: Financial efficiency | E13: Waiting list reduction % | F13: Income potential | G13: Formula / note
A14: 82% utilisation + 20% HVLC | B14: No job-plan cases | C14: =Inputs!B7-Inputs!B11 | D14: =C14*(Inputs!B9/Inputs!B7) | E14: =C14/Inputs!B5 | F14: =C14*Inputs!B6 | G14: Current low scenario less 2,729 job-plan cases
A15: 82% utilisation + 20% HVLC | B15: Current 50% job-plan | C15: =Inputs!B7 | D15: =Inputs!B9 | E15: =C15/Inputs!B5 | F15: =C15*Inputs!B6 | G15: Source current low scenario
A16: 82% utilisation + 20% HVLC | B16: All job-plan cases | C16: =Inputs!B7+Inputs!B11 | D16: =C16*(Inputs!B9/Inputs!B7) | E16: =C16/Inputs!B5 | F16: =C16*Inputs!B6 | G16: Current low scenario plus 2,729 job-plan cases
A17: 85% utilisation + 30% HVLC | B17: No job-plan cases | C17: =Inputs!B8-Inputs!B11 | D17: =C17*(Inputs!B10/Inputs!B8) | E17: =C17/Inputs!B5 | F17: =C17*Inputs!B6 | G17: Current high scenario less 2,729 job-plan cases
A18: 85% utilisation + 30% HVLC | B18: Current 50% job-plan | C18: =Inputs!B8 | D18: =Inputs!B10 | E18: =C18/Inputs!B5 | F18: =C18*Inputs!B6 | G18: Source current high scenario
A19: 85% utilisation + 30% HVLC | B19: All job-plan cases | C19: =Inputs!B8+Inputs!B11 | D19: =C19*(Inputs!B10/Inputs!B8) | E19: =C19/Inputs!B5 | F19: =C19*Inputs!B6 | G19: Current high scenario plus 2,729 job-plan cases

Sheet Day Case Rate
A1: Day Case Rate Workings
A2: Additional shifted cases = backlog x (target rate - current rate).
A4: Step | B4: Low target | C4: High target | D4: Simple formula / note
A5: Backlog baseline | B5: =Inputs!B5 | C5: =Inputs!B5 | D5: Input backlog baseline
A6: Current day case rate | B6: =Inputs!B16 | C6: =Inputs!B16 | D6: Baseline rate
A7: Target day case rate | B7: =Inputs!B17 | C7: =Inputs!B18 | D7: Low and high target rates
A8: Rate improvement | B8: =B7-B6 | C8: =C7-C6 | D8: Target rate - current rate
A9: Additional shifted cases | B9: =B5*B8 | C9: =C5*C8 | D9: Backlog x rate improvement
A10: Waiting list reduction % | B10: =B9/B5 | C10: =C9/C5 | D10: Additional cases / backlog
A11: Financial efficiency opportunity | B11: =B9*Inputs!B19 | C11: =C9*Inputs!B19 | D11: Additional cases x GBP350
A12: Income potential if capacity reused | B12: =B9*Inputs!B6 | C12: =C9*Inputs!B6 | D12: Additional cases x £2,000. Do not add to efficiency unless Finance agrees capacity creates funded extra activity.
A13: Closing backlog | B13: =B5-B9 | C13: =C5-C9 | D13: Backlog - additional shifted cases

Sheet Estate Utilisation
A1: Theatre Estate Capacity Workings
A2: Additional sessions = baseline sessions x ((target utilisation / current utilisation) - 1).
A4: Step | B4: Low target | C4: High target | D4: Simple formula / note
A5: Current estate utilisation | B5: =Inputs!B20 | C5: =Inputs!B20 | D5: Input current utilisation
A6: Target estate utilisation | B6: =Inputs!B21 | C6: =Inputs!B22 | D6: Low and high targets
A7: Baseline elective sessions | B7: =Inputs!B23 | C7: =Inputs!B23 | D7: Input baseline sessions
A8: Baseline elective cases | B8: =Inputs!B24 | C8: =Inputs!B24 | D8: Input baseline cases
A9: Average cases per list | B9: =B8/B7 | C9: =C8/C7 | D9: Baseline cases / baseline sessions
A10: Additional sessions | B10: =B7*((B6/B5)-1) | C10: =C7*((C6/C5)-1) | D10: Sessions x ((target/current)-1)
A11: Financial efficiency opportunity | B11: =B10*Inputs!B25 | C11: =C10*Inputs!B25 | D11: Additional sessions x GBP500
A12: Waiting list impact cases | B12: =B10*B9 | C12: =C10*C9 | D12: Additional sessions x average cases per list
A13: Waiting list reduction % | B13: =B12/Inputs!B5 | C13: =C12/Inputs!B5 | D13: Waiting list impact / backlog
A14: Income potential | B14: =B12*Inputs!B6 | C14: =C12*Inputs!B6 | D14: Waiting list impact cases x £2,000
A15: Closing backlog | B15: =Inputs!B5-B12 | C15: =Inputs!B5-C12 | D15: Backlog - waiting list impact

Sheet HVLC
A1: HVLC Workings
A2: Dedicated high-volume low-complexity lists.
A4: Step | B4: Low scenario | C4: High scenario | D4: Simple formula / source
A5: Backlog baseline | B5: =Inputs!B5 | C5: =Inputs!B5 | D5: Input backlog
A6: Additional cases | B6: =Inputs!B12 | C6: =Inputs!B13 | D6: 300-500 additional cases
A7: Waiting list reduction % | B7: =B6/B5 | C7: =C6/C5 | D7: Additional cases / backlog
A8: Gross benefit per case | B8: =Inputs!B14/Inputs!B13 | C8: =Inputs!B14/Inputs!B13 | D8: £220k / 500 cases
A9: Gross financial benefit | B9: =B6*B8 | C9: =C6*C8 | D9: Additional cases x gross benefit per case
A10: Financial efficiency opportunity | B10: =B9 | C10: =C9 | D10: Gross benefit only; setup/investment cost removed
A11: Income potential | B11: =B6*Inputs!B26 | C11: =C6*Inputs!B26 | D11: Additional cases x £2,000 income per additional case assumption
A12: Closing backlog | B12: =B5-B6 | C12: =C5-C6 | D12: Backlog - additional cases

Sheet Initiative Map
A1: Initiative Map
A2: Shows what is quantified separately and what is a supporting driver.
A4: Initiative / driver | B4: Treatment in workbook | C4: Reason
A5: Utilisation & scheduling | B5: Quantified | C5: Uses shared scenario extra cases and financial values.
A6: Job-plan delivery sensitivity | B6: Quantified | C6: Uses the 2,729 case 50% job-plan component to show no-job-plan and all-job-plan versions.
A7: HVLC dedicated lists | B7: Quantified separately | C7: Uses 300-500 additional cases and £220k gross benefit at 500 cases.
A8: Late starts / Golden Patient | B8: Supporting driver only | C8: A route to utilisation improvement; not separately monetised to avoid double counting.
A9: Booking rules & case durations | B9: Supporting driver only | C9: A route to utilisation/HVLC throughput; not separately monetised to avoid double counting.
A10: Patient readiness & cancellations | B10: Supporting driver only | C10: A route to utilisation improvement; can be monetised separately only with agreed cancellation baseline and case impact.
A11: Day case rate improvement | B11: Quantified separately | C11: Uses 67.9% baseline, 78.5%-85.7% target range, backlog x rate improvement.
A12: Theatre estate capacity | B12: Quantified separately | C12: Uses estate utilisation uplift to estimate additional sessions and case impact.

Sheet Notes
A1: Notes
A2: Simple definitions and caveats.
A4: Topic | B4: Note
A5: Backlog denominator | B5: Waiting-list reduction percentages use the 23,086 surgical RTT incomplete backlog baseline.
A6: Financial efficiency | B6: For utilisation, financial values are source values from the shared table. For HVLC, gross benefit is used with no setup/investment deduction. Day case and estate use the simple formulas shown on their tabs.
A7: Income potential | B7: Calculated as additional cases x £2,000 across theatre opportunity rows. This is a separate gross income lens and should not be added to financial efficiency unless Finance confirms it is additional funded activity.
A8: Double counting caution | B8: The utilisation scenario already includes an HVLC improvement assumption. Do not add the separate HVLC row to the utilisation row unless the scenarios have been de-duplicated.
A9: Supporting drivers | B9: Late starts, booking rules, and cancellation/readiness actions support utilisation delivery and are shown in the initiative map rather than separately valued.
A10: Day case rate | B10: Calculated as backlog x target-rate improvement for the opportunity model. Specialty-level day-case RAG should still be interpreted against specialty benchmarks/case mix.
A11: Theatre estate capacity | B11: Additional sessions = baseline sessions x ((target utilisation / current utilisation) - 1). Waiting-list impact = additional sessions x average cases per list.
A12: HVLC income potential | B12: HVLC income potential also uses £2,000 per additional case, aligned to the general income assumption now used across the theatre opportunity workbook.
